{"stat.craftItem.340":1,"stat.useItem.355":6,"stat.useItem.61":2,"stat.useItem.359":224,"stat.craftItem.61":2,"stat.leaveGame":1,"stat.mineBlock.85":2,"stat.craftItem.339":3,"stat.mineBlock.18":478,"stat.mineBlock.17":92,"stat.jump":2441,"stat.swimOneCm":46273,"stat.fallOneCm":23695,"stat.climbOneCm":1642,"achievement.buildWorkBench":2,"achievement.killCow":1,"stat.craftItem.324":1,"achievement.exploreAllBiomes":{"value":0,"progress":["Cold Taiga","Cold Taiga Hills","ForestHills","Magical Forest","MushroomIslandShore","Beach","FrozenRiver","Ice Plains","River","Forest","Taiga","MushroomIsland","Deep Ocean"]},"stat.boatOneCm":81356,"stat.craftItem.366":1,"stat.craftItem.85":50,"stat.craftItem.5":256,"stat.damageTaken":2290,"stat.mineBlock.110":1,"stat.mineBlock.5":10,"stat.mineBlock.3":124,"stat.mineBlock.1":58,"achievement.botania:flowerPickup":57,"stat.craftItem.359":1,"stat.mineBlock.6":4,"stat.useItem.54":3,"stat.flyOneCm":11922,"stat.useItem.50":34,"achievement.buildPickaxe":4,"stat.killEntity.Witch":1,"stat.useItem.107":3,"stat.damageDealt":1555,"achievement.buildBetterPickaxe":4,"stat.killEntity.Cow":2,"stat.craftItem.107":3,"stat.useItem.58":4,"stat.useItem.274":64,"stat.useItem.273":98,"stat.craftItem.263":16,"stat.useItem.275":251,"stat.walkOneCm":1289699,"achievement.botania:lexiconUse":3,"stat.mineBlock.58":2,"stat.useItem.324":1,"achievement.buildSword":4,"achievement.mineWood":94,"stat.mineBlock.50":6,"stat.craftItem.126":6,"stat.killEntity.Skeleton":1,"stat.useItem.85":46,"achievement.openInventory":117,"stat.breakItem.275":1,"stat.killEntity.Chicken":1,"stat.craftItem.280":176,"stat.craftItem.281":4,"stat.craftItem.282":5,"stat.mobKills":8,"achievement.killEnemy":4,"stat.craftItem.272":2,"stat.craftItem.273":1,"achievement.buildFurnace":2,"stat.craftItem.58":2,"stat.craftItem.274":2,"stat.useItem.6":4,"stat.mineBlock.38":1,"stat.craftItem.275":2,"stat.mineBlock.39":31,"stat.drop":26,"stat.playOneMinute":295871,"stat.craftItem.50":40,"stat.useItem.4":11,"stat.useItem.5":97,"stat.craftItem.270":1,"stat.craftItem.54":3,"stat.useItem.3":23,"stat.killEntity.Zombie":3,"stat.useItem.18":139,"stat.useItem.270":33,"stat.diveOneCm":11625,"stat.mineBlock.31":33,"stat.useItem.272":41}