{"stat.useItem.355":10,"stat.craftItem.102":64,"stat.craftItem.345":1,"stat.useItem.359":100,"stat.craftItem.61":9,"stat.craftItem.67":16,"stat.leaveGame":6,"stat.craftItem.65":21,"stat.craftItem.339":35,"stat.mineBlock.14":38,"stat.mineBlock.13":149,"stat.mineBlock.16":366,"stat.mineBlock.15":169,"stat.mineBlock.18":277,"stat.mineBlock.17":220,"stat.swimOneCm":53585,"stat.craftItem.333":3,"stat.climbOneCm":21403,"achievement.buildWorkBench":11,"achievement.ae2.ChargedQuartz":2,"stat.craftItem.324":8,"stat.craftItem.325":2,"achievement.exploreAllBiomes":{"value":0,"progress":["Cold Taiga","Cold Taiga Hills","ForestHills","Magical Forest","Flower Forest","MushroomIslandShore","TaigaHills","Beach","FrozenRiver","Eerie","Extreme Hills+","Ice Plains","Forest","River","Taiga","MushroomIsland","Extreme Hills","Deep Ocean"]},"stat.mineBlock.12":252,"stat.craftItem.364":13,"stat.mineBlock.4":261,"achievement.diamonds":36,"stat.mineBlock.3":527,"stat.mineBlock.1":2930,"achievement.botania:flowerPickup":1,"stat.craftItem.359":1,"stat.flyOneCm":195631,"stat.useItem.102":61,"stat.craftItem.355":2,"achievement.buildPickaxe":31,"achievement.buildBetterPickaxe":31,"achievement.woodenGear":1,"ic2.mineOre":6,"stat.craftItem.20":147,"ic2.acquireRefinedIron":25,"stat.killEntity.Creeper":4,"stat.useItem.324":19,"stat.useItem.323":48,"stat.craftItem.33":5,"achievement.buildSword":2,"achievement.mineWood":252,"stat.killEntity.Squid":7,"stat.craftItem.320":45,"stat.craftItem.323":21,"stat.breakItem.274":3,"achievement.openInventory":386,"stat.craftItem.44":6,"achievement.killEnemy":47,"achievement.buildFurnace":14,"stat.craftItem.58":12,"stat.drop":138,"stat.playOneMinute":703519,"stat.craftItem.50":392,"stat.killEntity.Sheep":5,"stat.craftItem.54":29,"stat.killEntity.Zombie":34,"stat.diveOneCm":20834,"stat.useItem.65":35,"stat.useItem.67":17,"stat.useItem.61":16,"stat.breakItem.256":2,"stat.breakItem.257":16,"stat.mineBlock.82":4,"stat.jump":4856,"achievement.stoneGear":1,"stat.fallOneCm":71072,"achievement.killCow":3,"stat.craftItem.1":72,"stat.useItem.44":9,"stat.boatOneCm":77516,"stat.craftItem.5":659,"stat.damageTaken":2601,"stat.mineBlock.61":7,"stat.mineBlock.65":19,"stat.mineBlock.67":1,"stat.mineBlock.66":7,"stat.useItem.54":29,"stat.useItem.50":520,"stat.damageDealt":18030,"stat.killEntity.Cow":8,"stat.mineBlock.73":150,"stat.killEntity.Pig":26,"stat.useItem.58":18,"stat.useItem.274":397,"stat.useItem.20":61,"stat.mineBlock.47":21,"stat.craftItem.263":2,"stat.useItem.275":114,"stat.walkOneCm":3414735,"stat.craftItem.265":178,"stat.craftItem.386":1,"stat.craftItem.266":38,"stat.craftItem.267":1,"stat.craftItem.389":1,"stat.craftItem.258":2,"stat.mineBlock.44":4,"stat.mineBlock.58":7,"stat.craftItem.371":18,"stat.craftItem.374":3,"stat.craftItem.256":4,"stat.craftItem.257":18,"stat.mineBlock.50":107,"stat.craftItem.126":12,"stat.mineBlock.54":2,"stat.mineBlock.56":34,"stat.mineBlock.24":12,"stat.killEntity.Skeleton":11,"stat.useItem.256":789,"stat.useItem.258":265,"stat.useItem.257":4511,"stat.killEntity.Chicken":2,"stat.craftItem.280":348,"stat.killEntity.Spider":5,"stat.mobKills":104,"stat.useItem.380":5,"stat.mineBlock.21":29,"stat.mineBlock.20":53,"stat.craftItem.272":1,"stat.craftItem.274":3,"stat.useItem.6":7,"stat.mineBlock.38":1,"stat.craftItem.395":1,"stat.craftItem.275":1,"stat.useItem.12":1,"achievement.acquireIron":26,"stat.useItem.267":231,"stat.craftItem.276":1,"stat.useItem.389":3,"stat.useItem.1":24,"stat.useItem.4":2628,"stat.craftItem.270":1,"stat.useItem.3":29,"stat.useItem.17":21,"stat.useItem.18":55,"stat.useItem.270":5,"stat.useItem.13":23,"stat.mineBlock.31":19,"stat.useItem.390":2,"stat.useItem.272":54}