{"stat.useItem.355":3,"stat.craftItem.61":7,"stat.leaveGame":5,"stat.craftItem.65":18,"stat.mineBlock.14":38,"stat.mineBlock.13":143,"stat.mineBlock.16":366,"stat.mineBlock.15":161,"stat.mineBlock.18":59,"stat.mineBlock.17":196,"stat.swimOneCm":37204,"stat.craftItem.333":3,"stat.climbOneCm":2789,"achievement.buildWorkBench":3,"achievement.ae2.ChargedQuartz":2,"stat.craftItem.324":2,"achievement.exploreAllBiomes":{"value":0,"progress":["Cold Taiga","Cold Taiga Hills","Beach","ForestHills","FrozenRiver","Flower Forest","Ice Plains","Forest","MushroomIslandShore","River","MushroomIsland","Deep Ocean"]},"stat.mineBlock.12":2,"stat.craftItem.364":10,"stat.mineBlock.4":108,"achievement.diamonds":36,"stat.mineBlock.3":466,"stat.mineBlock.1":2496,"stat.flyOneCm":70371,"stat.craftItem.355":2,"achievement.buildPickaxe":27,"achievement.buildBetterPickaxe":27,"ic2.mineOre":6,"ic2.acquireRefinedIron":23,"stat.killEntity.Creeper":1,"stat.useItem.324":7,"achievement.buildSword":1,"achievement.mineWood":231,"stat.breakItem.274":3,"achievement.openInventory":141,"achievement.killEnemy":6,"achievement.buildFurnace":10,"stat.craftItem.58":4,"stat.drop":40,"stat.playOneMinute":319233,"stat.craftItem.50":324,"stat.killEntity.Sheep":4,"stat.craftItem.54":7,"stat.killEntity.Zombie":9,"stat.diveOneCm":7256,"stat.useItem.65":15,"stat.useItem.61":7,"stat.breakItem.256":1,"stat.breakItem.257":14,"stat.jump":2511,"stat.fallOneCm":28028,"stat.craftItem.1":19,"stat.boatOneCm":77516,"stat.craftItem.5":255,"stat.damageTaken":1143,"stat.mineBlock.65":7,"stat.useItem.54":7,"stat.useItem.50":367,"stat.damageDealt":4240,"stat.killEntity.Cow":4,"stat.mineBlock.73":150,"stat.useItem.58":6,"stat.useItem.274":397,"stat.craftItem.263":2,"stat.useItem.275":114,"stat.walkOneCm":1424298,"stat.craftItem.265":176,"stat.craftItem.266":38,"stat.craftItem.267":1,"stat.craftItem.258":1,"stat.mineBlock.58":2,"stat.craftItem.256":2,"stat.craftItem.257":16,"stat.mineBlock.50":49,"stat.mineBlock.56":34,"stat.mineBlock.24":12,"stat.killEntity.Skeleton":4,"stat.useItem.256":472,"stat.useItem.258":217,"stat.useItem.257":3770,"stat.craftItem.280":204,"stat.mobKills":23,"stat.useItem.380":5,"stat.mineBlock.21":29,"stat.craftItem.272":1,"stat.craftItem.274":3,"stat.useItem.6":7,"stat.craftItem.275":1,"achievement.acquireIron":24,"stat.useItem.267":18,"stat.useItem.1":9,"stat.useItem.4":1966,"stat.craftItem.270":1,"stat.useItem.3":5,"stat.useItem.270":5,"stat.useItem.13":23,"stat.mineBlock.31":12,"stat.useItem.272":54}