{"stat.useItem.355":3,"stat.useItem.61":7,"stat.craftItem.61":7,"stat.leaveGame":2,"stat.breakItem.257":4,"stat.mineBlock.14":12,"stat.mineBlock.13":10,"stat.mineBlock.16":241,"stat.mineBlock.15":93,"stat.mineBlock.18":59,"stat.mineBlock.17":196,"stat.jump":1570,"stat.swimOneCm":36372,"stat.craftItem.333":3,"stat.fallOneCm":16719,"achievement.buildWorkBench":3,"achievement.ae2.ChargedQuartz":2,"achievement.exploreAllBiomes":{"value":0,"progress":["Cold Taiga","Cold Taiga Hills","Beach","ForestHills","FrozenRiver","Flower Forest","Ice Plains","Forest","MushroomIslandShore","River","MushroomIsland","Deep Ocean"]},"stat.mineBlock.12":2,"stat.craftItem.364":10,"stat.boatOneCm":77516,"stat.craftItem.5":180,"stat.damageTaken":274,"stat.mineBlock.4":11,"achievement.diamonds":14,"stat.mineBlock.3":19,"stat.mineBlock.1":895,"stat.useItem.54":6,"stat.flyOneCm":59478,"stat.useItem.50":122,"stat.craftItem.355":2,"achievement.buildPickaxe":10,"stat.damageDealt":1650,"achievement.buildBetterPickaxe":10,"stat.killEntity.Cow":4,"stat.mineBlock.73":48,"stat.useItem.58":6,"stat.useItem.274":397,"ic2.mineOre":3,"stat.craftItem.263":2,"stat.useItem.275":114,"stat.walkOneCm":644880,"stat.craftItem.265":92,"stat.craftItem.266":12,"ic2.acquireRefinedIron":9,"stat.craftItem.258":1,"stat.killEntity.Creeper":1,"stat.mineBlock.58":2,"stat.craftItem.257":6,"achievement.mineWood":231,"stat.mineBlock.50":12,"stat.mineBlock.56":16,"stat.mineBlock.24":12,"stat.killEntity.Skeleton":1,"stat.useItem.258":208,"stat.useItem.257":1213,"stat.breakItem.274":3,"achievement.openInventory":77,"stat.craftItem.280":92,"stat.mobKills":11,"stat.useItem.380":5,"stat.mineBlock.21":12,"stat.craftItem.272":1,"achievement.buildFurnace":10,"stat.craftItem.58":4,"stat.craftItem.274":3,"stat.useItem.6":7,"stat.craftItem.275":1,"achievement.acquireIron":10,"stat.drop":24,"stat.playOneMinute":155602,"stat.craftItem.50":128,"stat.killEntity.Sheep":4,"stat.useItem.4":546,"stat.craftItem.270":1,"stat.craftItem.54":6,"stat.killEntity.Zombie":1,"stat.useItem.270":5,"stat.diveOneCm":7219,"stat.mineBlock.31":7,"stat.useItem.272":34}