{"stat.useItem.274":63,"stat.useItem.273":95,"stat.craftItem.263":4,"stat.useItem.275":141,"stat.walkOneCm":696641,"stat.useItem.355":5,"stat.useItem.61":1,"stat.craftItem.61":1,"stat.mineBlock.85":2,"stat.mineBlock.58":2,"stat.mineBlock.18":68,"stat.mineBlock.17":92,"stat.useItem.324":1,"stat.jump":1377,"stat.swimOneCm":35311,"stat.fallOneCm":12484,"achievement.buildWorkBench":2,"achievement.buildSword":4,"achievement.mineWood":94,"stat.craftItem.324":1,"stat.mineBlock.50":4,"stat.craftItem.126":6,"achievement.exploreAllBiomes":{"value":0,"progress":["Cold Taiga","Cold Taiga Hills","Beach","ForestHills","FrozenRiver","Magical Forest","Ice Plains","MushroomIslandShore","River","Forest","MushroomIsland","Deep Ocean"]},"stat.killEntity.Skeleton":1,"stat.boatOneCm":81356,"stat.useItem.85":46,"stat.craftItem.85":50,"achievement.openInventory":56,"stat.craftItem.5":256,"stat.breakItem.275":1,"stat.killEntity.Chicken":1,"stat.craftItem.280":152,"stat.craftItem.281":4,"stat.craftItem.282":1,"stat.damageTaken":1740,"stat.mineBlock.110":1,"stat.mineBlock.5":10,"stat.mineBlock.3":104,"stat.mineBlock.1":58,"stat.mobKills":6,"achievement.killEnemy":4,"stat.craftItem.272":2,"stat.craftItem.273":1,"achievement.buildFurnace":1,"stat.useItem.54":2,"stat.flyOneCm":4885,"stat.craftItem.58":2,"stat.craftItem.274":2,"stat.craftItem.275":2,"stat.mineBlock.39":24,"stat.useItem.50":21,"stat.drop":12,"achievement.buildPickaxe":4,"stat.playOneMinute":142191,"stat.killEntity.Witch":1,"stat.craftItem.50":16,"stat.useItem.107":3,"stat.useItem.4":11,"stat.useItem.5":97,"stat.craftItem.270":1,"stat.craftItem.54":2,"stat.useItem.3":22,"stat.damageDealt":1285,"achievement.buildBetterPickaxe":4,"stat.killEntity.Zombie":3,"stat.craftItem.107":3,"stat.useItem.270":33,"stat.diveOneCm":9795,"stat.mineBlock.31":27,"stat.useItem.58":4,"stat.useItem.272":34}