{"stat.craftItem.340":1,"stat.useItem.355":6,"stat.useItem.61":2,"stat.useItem.359":224,"stat.craftItem.61":2,"stat.leaveGame":1,"stat.mineBlock.85":2,"stat.craftItem.339":3,"stat.mineBlock.13":7,"stat.mineBlock.16":3,"stat.mineBlock.18":492,"stat.mineBlock.17":98,"stat.jump":3566,"stat.swimOneCm":147049,"stat.craftItem.333":2,"stat.fallOneCm":33608,"stat.climbOneCm":2614,"achievement.buildWorkBench":5,"achievement.killCow":1,"stat.craftItem.324":1,"achievement.exploreAllBiomes":{"value":0,"progress":["Cold Taiga","Cold Taiga Hills","ForestHills","Magical Forest","MushroomIslandShore","Desert Oil Field","Beach","FrozenRiver","Eerie","Ice Plains","River","Forest","Taiga","MushroomIsland","Extreme Hills","Deep Ocean","Ice Mountains"]},"stat.mineBlock.12":30,"stat.craftItem.364":4,"stat.boatOneCm":249501,"stat.craftItem.366":1,"stat.craftItem.85":50,"stat.craftItem.5":280,"stat.useItem.338":12,"stat.damageTaken":6196,"stat.mineBlock.110":188,"stat.mineBlock.5":10,"stat.mineBlock.3":176,"stat.mineBlock.1":113,"achievement.botania:flowerPickup":68,"stat.craftItem.359":1,"stat.mineBlock.6":4,"stat.useItem.54":4,"stat.flyOneCm":23354,"stat.useItem.50":49,"achievement.buildPickaxe":5,"stat.killEntity.Witch":1,"stat.useItem.107":3,"stat.damageDealt":3535,"achievement.buildBetterPickaxe":4,"stat.killEntity.Cow":2,"stat.craftItem.107":3,"stat.useItem.58":7,"stat.useItem.274":126,"stat.useItem.273":324,"stat.craftItem.263":17,"stat.useItem.275":251,"stat.walkOneCm":1964093,"stat.craftItem.20":4,"achievement.botania:lexiconUse":3,"stat.mineBlock.58":2,"stat.killEntity.enderzoo.Enderminy":1,"stat.craftItem.374":3,"stat.useItem.324":1,"stat.entityKilledBy.enderzoo.Enderminy":1,"achievement.buildSword":4,"achievement.mineWood":100,"stat.killEntity.Squid":1,"stat.mineBlock.50":8,"stat.craftItem.126":6,"stat.killEntity.Skeleton":3,"stat.breakItem.270":1,"stat.useItem.85":46,"achievement.openInventory":177,"stat.breakItem.273":1,"stat.breakItem.275":1,"stat.killEntity.Chicken":3,"stat.craftItem.280":180,"stat.craftItem.281":4,"stat.craftItem.282":5,"stat.killEntity.Spider":1,"stat.mobKills":23,"achievement.killEnemy":16,"stat.craftItem.272":2,"stat.craftItem.273":4,"achievement.buildFurnace":2,"stat.craftItem.58":5,"stat.craftItem.274":2,"stat.useItem.6":4,"stat.mineBlock.38":1,"stat.craftItem.275":2,"stat.deaths":2,"stat.useItem.12":26,"stat.mineBlock.39":31,"stat.drop":114,"stat.playOneMinute":439487,"stat.craftItem.50":40,"stat.useItem.4":11,"stat.useItem.5":97,"stat.craftItem.270":2,"stat.craftItem.54":4,"stat.useItem.3":134,"achievement.myst.quinn":1,"stat.killEntity.Zombie":5,"stat.useItem.18":139,"stat.useItem.270":81,"stat.diveOneCm":103974,"stat.mineBlock.31":46,"stat.useItem.272":69}