{"stat.useItem.355":11,"stat.craftItem.102":64,"stat.craftItem.345":1,"stat.useItem.359":100,"stat.craftItem.61":9,"stat.craftItem.67":20,"stat.leaveGame":6,"stat.craftItem.65":21,"achievement.myst.agebook":1,"stat.craftItem.339":35,"stat.mineBlock.14":39,"stat.mineBlock.13":212,"stat.mineBlock.16":535,"stat.mineBlock.15":204,"stat.mineBlock.18":277,"stat.mineBlock.17":220,"stat.swimOneCm":113304,"stat.craftItem.333":3,"stat.climbOneCm":22127,"achievement.buildWorkBench":13,"achievement.ae2.ChargedQuartz":2,"stat.craftItem.324":8,"stat.craftItem.325":2,"achievement.exploreAllBiomes":{"value":0,"progress":["Cold Taiga","Cold Taiga Hills","ForestHills","Magical Forest","Flower Forest","Tainted Land","MushroomIslandShore","Plains","TaigaHills","Desert Oil Field","Beach","FrozenRiver","Eerie","Extreme Hills+","Ice Plains","Forest","River","Taiga","MushroomIsland","Extreme Hills","Deep Ocean"]},"stat.mineBlock.12":252,"achievement.myst.symbol":19268,"stat.craftItem.364":13,"stat.mineBlock.4":309,"achievement.diamonds":40,"stat.mineBlock.3":531,"stat.mineBlock.1":3725,"achievement.botania:flowerPickup":1,"stat.craftItem.359":1,"stat.flyOneCm":249965,"stat.useItem.102":61,"stat.craftItem.355":2,"achievement.buildPickaxe":44,"stat.killEntity.MushroomCow":1,"achievement.buildBetterPickaxe":43,"achievement.woodenGear":1,"ic2.mineOre":8,"stat.craftItem.20":147,"ic2.acquireRefinedIron":35,"stat.killEntity.Creeper":7,"stat.useItem.324":19,"stat.useItem.323":48,"stat.entityKilledBy.Skeleton":1,"stat.craftItem.33":5,"achievement.buildSword":4,"achievement.mineWood":254,"stat.killEntity.Squid":7,"stat.craftItem.320":45,"stat.craftItem.323":21,"stat.breakItem.274":3,"achievement.openInventory":502,"stat.craftItem.44":6,"achievement.killEnemy":57,"achievement.buildFurnace":14,"stat.craftItem.58":14,"stat.deaths":2,"stat.drop":197,"stat.playOneMinute":846731,"stat.craftItem.50":472,"stat.killEntity.Sheep":8,"stat.craftItem.54":30,"stat.killEntity.Zombie":37,"stat.diveOneCm":34206,"stat.useItem.65":35,"stat.useItem.67":21,"stat.useItem.61":16,"stat.breakItem.256":2,"stat.breakItem.257":22,"stat.mineBlock.82":4,"stat.jump":5699,"achievement.stoneGear":1,"stat.fallOneCm":87049,"achievement.killCow":5,"stat.craftItem.1":72,"stat.useItem.44":9,"stat.boatOneCm":77516,"stat.craftItem.5":671,"stat.damageTaken":6196,"stat.mineBlock.61":7,"stat.mineBlock.65":19,"stat.mineBlock.67":1,"stat.mineBlock.66":7,"stat.useItem.54":30,"stat.useItem.50":617,"stat.damageDealt":20830,"stat.killEntity.Cow":10,"stat.mineBlock.73":177,"stat.killEntity.Pig":26,"stat.useItem.58":21,"stat.useItem.274":408,"stat.useItem.20":61,"stat.mineBlock.47":21,"stat.craftItem.263":2,"stat.useItem.275":114,"stat.walkOneCm":4120620,"stat.craftItem.265":203,"stat.craftItem.386":1,"stat.craftItem.266":39,"stat.craftItem.267":3,"stat.craftItem.389":2,"stat.craftItem.258":2,"stat.mineBlock.44":4,"stat.mineBlock.58":8,"stat.craftItem.371":18,"stat.craftItem.374":6,"stat.craftItem.256":4,"stat.craftItem.257":25,"stat.mineBlock.50":115,"stat.craftItem.126":18,"stat.mineBlock.54":2,"stat.mineBlock.56":38,"stat.mineBlock.24":12,"stat.killEntity.Skeleton":13,"stat.useItem.256":855,"stat.useItem.258":279,"stat.useItem.257":5791,"stat.killEntity.Chicken":2,"stat.craftItem.280":348,"stat.killEntity.Spider":7,"stat.mobKills":120,"stat.useItem.380":5,"stat.mineBlock.21":41,"stat.mineBlock.20":53,"stat.craftItem.272":1,"stat.craftItem.274":5,"stat.useItem.6":7,"stat.mineBlock.38":1,"stat.craftItem.395":1,"stat.craftItem.275":1,"stat.useItem.12":1,"achievement.acquireIron":36,"stat.useItem.267":252,"stat.craftItem.276":1,"stat.useItem.389":3,"stat.useItem.1":42,"stat.useItem.4":2780,"stat.craftItem.270":2,"stat.useItem.3":29,"stat.useItem.17":21,"stat.useItem.18":55,"stat.useItem.270":8,"stat.useItem.13":23,"stat.mineBlock.31":24,"stat.useItem.390":2,"stat.useItem.272":54}