{"stat.useItem.355":4,"stat.craftItem.61":9,"stat.craftItem.67":16,"stat.leaveGame":5,"stat.craftItem.65":18,"stat.mineBlock.14":38,"stat.mineBlock.13":143,"stat.mineBlock.16":366,"stat.mineBlock.15":161,"stat.mineBlock.18":59,"stat.mineBlock.17":196,"stat.swimOneCm":37447,"stat.craftItem.333":3,"stat.climbOneCm":18060,"achievement.buildWorkBench":9,"achievement.ae2.ChargedQuartz":2,"stat.craftItem.324":8,"stat.craftItem.325":2,"achievement.exploreAllBiomes":{"value":0,"progress":["Cold Taiga","Cold Taiga Hills","Beach","ForestHills","FrozenRiver","Flower Forest","Ice Plains","Forest","MushroomIslandShore","River","MushroomIsland","Deep Ocean"]},"stat.mineBlock.12":71,"stat.craftItem.364":10,"stat.mineBlock.4":245,"achievement.diamonds":36,"stat.mineBlock.3":493,"stat.mineBlock.1":2673,"stat.flyOneCm":87430,"stat.craftItem.355":2,"achievement.buildPickaxe":31,"achievement.buildBetterPickaxe":31,"achievement.woodenGear":1,"ic2.mineOre":6,"stat.craftItem.20":64,"ic2.acquireRefinedIron":23,"stat.killEntity.Creeper":3,"stat.useItem.324":14,"stat.useItem.323":42,"stat.craftItem.33":5,"achievement.buildSword":1,"achievement.mineWood":231,"stat.craftItem.320":9,"stat.craftItem.323":21,"stat.breakItem.274":3,"achievement.openInventory":243,"stat.craftItem.44":6,"achievement.killEnemy":27,"achievement.buildFurnace":14,"stat.craftItem.58":10,"stat.drop":84,"stat.playOneMinute":463244,"stat.craftItem.50":392,"stat.killEntity.Sheep":4,"stat.craftItem.54":25,"stat.killEntity.Zombie":23,"stat.diveOneCm":7256,"stat.useItem.65":32,"stat.useItem.67":17,"stat.useItem.61":16,"stat.breakItem.256":2,"stat.breakItem.257":16,"stat.jump":3121,"achievement.stoneGear":1,"stat.fallOneCm":35583,"achievement.killCow":1,"stat.craftItem.1":41,"stat.useItem.44":5,"stat.boatOneCm":77516,"stat.craftItem.5":615,"stat.damageTaken":1810,"stat.mineBlock.61":7,"stat.mineBlock.65":16,"stat.mineBlock.67":1,"stat.useItem.54":26,"stat.useItem.50":501,"stat.damageDealt":9175,"stat.killEntity.Cow":4,"stat.mineBlock.73":150,"stat.killEntity.Pig":4,"stat.useItem.58":16,"stat.useItem.274":397,"stat.useItem.20":61,"stat.craftItem.263":2,"stat.useItem.275":114,"stat.walkOneCm":2214742,"stat.craftItem.265":176,"stat.craftItem.266":38,"stat.craftItem.267":1,"stat.craftItem.258":1,"stat.mineBlock.44":1,"stat.mineBlock.58":7,"stat.craftItem.371":18,"stat.craftItem.256":4,"stat.craftItem.257":18,"stat.mineBlock.50":105,"stat.mineBlock.54":1,"stat.mineBlock.56":34,"stat.mineBlock.24":12,"stat.killEntity.Skeleton":9,"stat.useItem.256":565,"stat.useItem.258":231,"stat.useItem.257":4134,"stat.craftItem.280":348,"stat.mobKills":48,"stat.useItem.380":5,"stat.mineBlock.21":29,"stat.craftItem.272":1,"stat.craftItem.274":3,"stat.useItem.6":7,"stat.craftItem.275":1,"achievement.acquireIron":24,"stat.useItem.267":89,"stat.useItem.1":24,"stat.useItem.4":2518,"stat.craftItem.270":1,"stat.useItem.3":22,"stat.useItem.270":5,"stat.useItem.13":23,"stat.mineBlock.31":14,"stat.useItem.272":54}